,datetime,description
0,202505091713,
1,202505121425,"SPDC@30%, HOM@8%, 109.87, 60.0sec"
2,202505121609,"SPDC@30%, HOM@8%, 109.87, 1.0sec"
3,202505151758,
4,202505151803,
5,202505211516,findig deposition
6,202505211538,
7,202505211541,
8,202505211542,
9,202505211543,
10,202505211832,
11,202505211834,
12,202505211838,
13,202505211841,
14,202505211843,
15,202505211844,
16,202505211845,
17,202505211847,
18,202505211849,
19,202505211850,
20,202505211851,
21,202505211853,
22,202505211855,
23,202505211857,
24,202505211859,
25,202505211901,
26,202505211903,
27,202505211905,
28,202505211906,
29,202505211908,
30,202505211910,
31,202505221732,
32,202505221735,
33,202505221745,
34,202505231657,
