,datetime
0,202505021444
1,202505021448
2,202505021451
3,202505021457
4,202505021501
5,202505021505
6,202505021518
7,202505021523
8,202505021527
9,202505021530
10,202505021533
11,202505021537
12,202505021541
13,202505021544
14,202505021546
15,202505021553
16,202505021559
17,202505021602
18,202505021605
19,202505021608
20,202505021613
21,202505021616
22,202505021618
23,202505021622
24,202505021627
25,202505021634
26,202505021639
27,202505021643
28,202505021649
29,202505021707
30,202505021712
31,202505021715
32,202505021717
33,202505021720
34,202505021722
35,202505021724
36,202505021727
37,202505021729
38,202505021732
39,202505061203
40,202505061207
41,202505061209
42,202505061214
43,202505061516
44,202505061518
45,202505061519
46,202505061520
